{"schemaVersion":"1.0","appDefinitionTemplate":{"id":"/providers/Microsoft.PowerApps/apps/","type":"Microsoft.PowerApps/apps","tags":{"primaryDeviceWidth":"1366","primaryDeviceHeight":"768","supportsPortrait":"true","supportsLandscape":"true","primaryFormFactor":"Tablet","showStatusBar":"false","publisherVersion":"3.23104.18","minimumRequiredApiVersion":"2.2.0","hasComponent":"false","hasUnlockedComponent":"false","isUnifiedRootApp":"false","sienaVersion":"20231110T183848Z-3.23104.18.0"},"properties":{"appVersion":"2023-11-10T18:38:48Z","lifeCycleId":"Published","createdByClientVersion":{"major":3,"minor":23104,"build":18,"revision":0,"majorRevision":0,"minorRevision":0},"minClientVersion":{"major":3,"minor":23104,"build":18,"revision":0,"majorRevision":0,"minorRevision":0},"backgroundColor":"RGBA(0,176,240,1)","backgroundImageUri":"/4171532287849401676/N4bf0ad3f-c2d1-4f0e-adb9-9febe34c9cb7-logoSmallFile","displayName":"Mentor_Matching_Application","description":"Mentor\\Mentee Submission Form V5","commitMessage":"Save app with description provided in publish dialog.","appUris":{"documentUri":{"value":"/4171532287849401676/N07b0d227-a701-4700-9c37-cc5427d5f043-document.msapp"},"imageUris":[],"additionalUris":[]},"createdTime":"0001-01-01T00:00:00Z","lastModifiedTime":"0001-01-01T00:00:00Z","sharedGroupsCount":0,"sharedUsersCount":0,"connectionReferences":{"ca96da33-0b9c-464c-a37e-f6a9c13bf56e":{"id":"12643f4d-e31e-4153-a845-6d3eaef4973e","displayName":"Excel Online (Business)","iconUri":"https://connectoricons-prod.azureedge.net/releases/v1.0.1658/1.0.1658.3452/excelonlinebusiness/icon.png","dataSources":["Table1","Table2","Table2_1","Table3","Table4","Table5"],"dependencies":[],"dependents":["ac730254-7d5f-4b53-90b1-6429183b02d6"],"parameterHints":{},"parameterHintsV2":{},"isOnPremiseConnection":false,"bypassConsent":false,"dataSets":{"me,b%2521sUsBMrN7qEKTL6yuSyKBNWkEGw71Z-RDrEy-AvfS2-2Cnr2e8SVuR5P2LBxm36Jh,01TT5VSI5U7MGK3NVFPVF3HZ4KZO6DWKEZ":{"dataSources":{"Table1":{"tableName":"{C8F5789F-92F4-44BE-AFED-77BDE84C8A41}"},"Table2":{"tableName":"{1663107A-8410-4F34-B227-42AF3DFD30A4}"},"Table2_1":{"tableName":"{1663107A-8410-4F34-B227-42AF3DFD30A4}"},"Table3":{"tableName":"{5B9552B7-84CE-49A8-A379-DD9D3B83454B}"},"Table4":{"tableName":"{41C2715B-392A-464E-B047-7A934D3FC26A}"},"Table5":{"tableName":"{97771728-A9BE-44FD-8E7A-15DD95FA1694}"}}}},"apiTier":"Standard","isCustomApiConnection":false,"actions":["providers/PowerPlatform.Governance/Operations/Read"]},"ac730254-7d5f-4b53-90b1-6429183b02d6":{"id":"c6a5bb0d-48a2-463e-882f-3ec18b1dc4c8","displayName":"Logic flows","iconUri":"https://connectoricons-prod.azureedge.net/releases/v1.0.1664/1.0.1664.3477/logicflows/icon.png","dataSources":["PowerAppV2->Addarowintoatable-3"],"dependencies":["ca96da33-0b9c-464c-a37e-f6a9c13bf56e","68c036ba-6fcd-4410-bfaa-414fea918c83"],"dependents":[],"parameterHints":{"workflowName":{"value":"a3a28bc4-338a-41ef-a000-bd4e29813474"},"workflowEntityId":{},"ca96da33-0b9c-464c-a37e-f6a9c13bf56e":{"value":"shared_excelonlinebusiness"},"68c036ba-6fcd-4410-bfaa-414fea918c83":{"value":"shared_office365"}},"parameterHintsV2":{"workflowName":{"value":"a3a28bc4-338a-41ef-a000-bd4e29813474"},"workflowEntityId":{},"shared_excelonlinebusiness":{"value":"ca96da33-0b9c-464c-a37e-f6a9c13bf56e"},"shared_office365":{"value":"68c036ba-6fcd-4410-bfaa-414fea918c83"}},"isOnPremiseConnection":false,"bypassConsent":false,"dataSets":{},"apiTier":"Standard","isCustomApiConnection":false,"actions":["Run"],"nestedActions":[{"id":"/providers/Microsoft.PowerApps/apis/shared_excelonlinebusiness/apiOperations/AddRowV2","apiName":"Excel Online (Business)","actionName":"AddRowV2","referencedResources":[{"key":"fileId","value":"b!sUsBMrN7qEKTL6yuSyKBNWkEGw71Z-RDrEy-AvfS2-2Cnr2e8SVuR5P2LBxm36Jh/Mentoring and Matching Test File_anas.xlsx"},{"key":"table","value":"{779B05AE-7A88-40D1-BA50-6E08BB59784E}"}]},{"id":"/providers/Microsoft.PowerApps/apis/shared_office365/apiOperations/SendEmailV2","apiName":"Office 365 Outlook","actionName":"SendEmailV2","referencedResources":[]}]},"68c036ba-6fcd-4410-bfaa-414fea918c83":{"id":"e2fd98c5-aab9-45a2-8f51-7d9dfca7d568","displayName":"Office 365 Outlook","iconUri":"https://connectoricons-prod.azureedge.net/releases/v1.0.1664/1.0.1664.3477/office365/icon.png","dataSources":[],"dependencies":[],"dependents":["ac730254-7d5f-4b53-90b1-6429183b02d6"],"parameterHints":{},"parameterHintsV2":{},"isOnPremiseConnection":false,"bypassConsent":false,"dataSets":{},"apiTier":"Standard","isCustomApiConnection":false}},"databaseReferences":{},"almMode":"Environment","performanceOptimizationEnabled":true,"canConsumeAppPass":true,"enableModernRuntimeMode":false,"executionRestrictions":{"isTeamsOnly":false,"dataLossPreventionEvaluationResult":{"status":"Compliant","lastEvaluationDate":"2023-11-10T18:39:06.180887Z","violations":[],"violationsByPolicy":[],"violationErrorMessage":"The app uses the following connectors: shared_excelonlinebusiness, shared_logicflows, shared_office365."},"httpActionRestriction":{"appUsesSharepointHttpAction":false,"enforcementStrategy":"Legacy","evaluationTime":"2023-11-10T18:39:06.180804Z"}}},"appType":"ClassicCanvasApp","appComponents":[]}}