{"name":"87d76ba0-2fae-4282-9dea-0307eae62288","id":"/providers/Microsoft.Flow/flows/87d76ba0-2fae-4282-9dea-0307eae62288","type":"Microsoft.Flow/flows","properties":{"apiId":"/providers/Microsoft.PowerApps/apis/shared_logicflows","displayName":"PowerAppV2 -> Add a row into a table - 3","definition":{"metadata":{"workflowEntityId":null,"processAdvisorMetadata":null,"flowChargedByPaygo":null,"flowclientsuspensionreason":"None","flowclientsuspensiontime":null,"flowclientsuspensionreasondetails":null,"creator":{"id":"c2ef48ce-7e05-4107-a46b-4715f7d3f0a2","type":"User","tenantId":"1113be34-aed1-4d00-ab4b-cdd02510be91"},"provisioningMethod":"FromDefinition","failureAlertSubscription":true,"clientLastModifiedTime":"2023-11-10T18:44:29.3629799Z","connectionKeySavedTimeKey":"2023-11-06T22:06:47.0422443Z"},"$schema":"https://schema.management.azure.com/providers/Microsoft.Logic/schemas/2016-06-01/workflowdefinition.json#","contentVersion":"1.0.0.0","parameters":{"$connections":{"defaultValue":{},"type":"Object"},"$authentication":{"defaultValue":{},"type":"SecureObject"}},"triggers":{"manual":{"metadata":{"operationMetadataId":"bb2197b4-1cc3-49b6-8b5c-8133183e4af3"},"type":"Request","kind":"PowerAppV2","inputs":{"schema":{"type":"object","properties":{"text":{"title":"FullName","type":"string","x-ms-dynamically-added":true,"description":"Please enter your input","x-ms-content-hint":"TEXT"},"text_1":{"title":"EmailAddress","type":"string","x-ms-dynamically-added":true,"description":"Please enter your input","x-ms-content-hint":"TEXT"},"text_2":{"title":"Gender","type":"string","x-ms-dynamically-added":true,"description":"Please enter your input","x-ms-content-hint":"TEXT"},"text_3":{"title":"ApplicationType","type":"string","x-ms-dynamically-added":true,"description":"Please enter your input","x-ms-content-hint":"TEXT"},"text_4":{"title":"OrderedSkills","type":"string","x-ms-dynamically-added":true,"description":"Please enter your input","x-ms-content-hint":"TEXT"},"text_5":{"title":"SubmitDate","type":"string","x-ms-dynamically-added":true,"description":"Please enter your input","x-ms-content-hint":"TEXT"},"text_6":{"title":"AdditionalSkills","type":"string","x-ms-dynamically-added":true,"description":"Please enter your input","x-ms-content-hint":"TEXT"},"text_7":{"title":"PreferredMentor","type":"string","x-ms-dynamically-added":true,"description":"Please enter your input","x-ms-content-hint":"TEXT"},"text_8":{"title":"FoundationDivisions","type":"string","x-ms-dynamically-added":true,"description":"Please enter your input","x-ms-content-hint":"TEXT"},"text_9":{"title":"OOTP","type":"string","x-ms-dynamically-added":true,"description":"Please enter your input","x-ms-content-hint":"TEXT"},"text_10":{"title":"FAO","type":"string","x-ms-dynamically-added":true,"description":"Please enter your input","x-ms-content-hint":"TEXT"},"text_11":{"title":"Development","type":"string","x-ms-dynamically-added":true,"description":"Please enter your input","x-ms-content-hint":"TEXT"},"text_12":{"title":"Investment","type":"string","x-ms-dynamically-added":true,"description":"Please enter your input","x-ms-content-hint":"TEXT"},"text_13":{"title":"SkillTable","type":"string","x-ms-dynamically-added":true,"description":"Please enter your input","x-ms-content-hint":"TEXT"}},"required":["text","text_1","text_2","text_3","text_4","text_5","text_6","text_7","text_8","text_9","text_10","text_11","text_12","text_13"]}}}},"actions":{"Add_a_row_into_a_table":{"runAfter":{},"metadata":{"operationMetadataId":"da01cf29-b343-4c57-b554-de14c2c98e4a","tableId":"{779B05AE-7A88-40D1-BA50-6E08BB59784E}"},"type":"OpenApiConnection","inputs":{"host":{"apiId":"/providers/Microsoft.PowerApps/apis/shared_excelonlinebusiness","connectionName":"shared_excelonlinebusiness","operationId":"AddRowV2"},"parameters":{"source":"me","drive":"b!sUsBMrN7qEKTL6yuSyKBNWkEGw71Z-RDrEy-AvfS2-2Cnr2e8SVuR5P2LBxm36Jh","file":"Mentoring and Matching Test File_anas.xlsx","table":"{779B05AE-7A88-40D1-BA50-6E08BB59784E}","item/Application Type":"@triggerBody()['text_3']","item/Full Name":"@triggerBody()['text']","item/Email Address":"@triggerBody()['text_1']","item/Gender":"@triggerBody()['text_2']","item/SubmitDate":"@triggerBody()['text_5']","item/AdditionalSkills":"@triggerBody()['text_6']","item/Preferred":"@triggerBody()['text_7']","item/OOTP":"@triggerBody()['text_9']","item/FAO":"@triggerBody()['text_10']","item/Development":"@triggerBody()['text_11']","item/Investment":"@triggerBody()['text_12']","item/Mchoices":"@triggerBody()['text_4']"},"authentication":{"value":"@json(decodeBase64(triggerOutputs().headers['X-MS-APIM-Tokens']))['$ConnectionKey']","type":"Raw"}}},"Send_an_email_(V2)":{"runAfter":{"Add_a_row_into_a_table":["Succeeded"]},"metadata":{"operationMetadataId":"2d0a2789-5054-463d-af3e-ec758b67d9c0"},"type":"OpenApiConnection","inputs":{"host":{"apiId":"/providers/Microsoft.PowerApps/apis/shared_office365","connectionName":"shared_office365","operationId":"SendEmailV2"},"parameters":{"emailMessage/To":"@triggerBody()['text_1']","emailMessage/Subject":"Thank you for submitting a @{triggerBody()['text_3']} application","emailMessage/Body":"<p>Hi, @{triggerBody()['text']},<br>\n<br>\nThank you for submitting an application for @{triggerBody()['text_3']}, your application is received and we will keep you updated.<br>\nFollowing is a summary of your application:<br>\n<br>\n<strong>Name:</strong><br>\n@{triggerBody()['text']}<br>\n<br>\n<strong>Email Address:</strong><br>\n@{triggerBody()['text_1']}<br>\n<br>\n<strong>Application Type:</strong><br>\n@{triggerBody()['text_3']}<br>\n<br>\n<strong>Supervisor Approval:</strong><br>\nYes.<br>\n<br>\n<strong>Selected Skills (ordered most to least favourite):</strong><br>\n@{triggerBody()['text_13']}<br>\n<br>\n<strong>Additional Skills:</strong><br>\n@{triggerBody()['text_6']}<br>\n<br>\n<strong>Preferred Person:</strong><br>\n@{triggerBody()['text_7']}<br>\n<br>\n<strong>IU Foundation Divisions:</strong><br>\n@{triggerBody()['text_8']}<br>\n<br>\n<br>\nBest Regards</p>","emailMessage/Importance":"Normal"},"authentication":{"value":"@json(decodeBase64(triggerOutputs().headers['X-MS-APIM-Tokens']))['$ConnectionKey']","type":"Raw"}}}}},"connectionReferences":{"shared_excelonlinebusiness":{"connectionName":"shared-excelonlinebu-f1aaf564-d1c0-465e-8347-29d20596c84d","source":"Invoker","id":"/providers/Microsoft.PowerApps/apis/shared_excelonlinebusiness","tier":"NotSpecified"},"shared_office365":{"connectionName":"shared-office365-492d1284-7ad8-4a9e-aeba-230566b10a65","source":"Invoker","id":"/providers/Microsoft.PowerApps/apis/shared_office365","tier":"NotSpecified"}},"flowFailureAlertSubscribed":false,"isManaged":false}}